<experiment>
  <configHash>c8b28c707bb4005237453cbb09ce35b6</configHash>
  <outputDir>/home/eoin/Documents/Phd/android-runner/examples/batterystats/output/2021.02.06_141617/</outputDir>
  <runsToRun/>
  <runsDone>
    <run runId="9">
      <device>Lg-exp</device>
      <path>/home/eoin/Documents/Phd/Last_paper/Implementation/eHealthApp/app/release/nl.vu.ehealth.apk</path>
      <runCount>10</runCount>
    </run>
    <run runId="8">
      <device>Lg-exp</device>
      <path>/home/eoin/Documents/Phd/Last_paper/Implementation/eHealthApp/app/release/nl.vu.ehealth.apk</path>
      <runCount>9</runCount>
    </run>
    <run runId="2">
      <device>Lg-exp</device>
      <path>/home/eoin/Documents/Phd/Last_paper/Implementation/eHealthApp/app/release/nl.vu.ehealth.apk</path>
      <runCount>3</runCount>
    </run>
    <run runId="5">
      <device>Lg-exp</device>
      <path>/home/eoin/Documents/Phd/Last_paper/Implementation/eHealthApp/app/release/nl.vu.ehealth.apk</path>
      <runCount>6</runCount>
    </run>
    <run runId="4">
      <device>Lg-exp</device>
      <path>/home/eoin/Documents/Phd/Last_paper/Implementation/eHealthApp/app/release/nl.vu.ehealth.apk</path>
      <runCount>5</runCount>
    </run>
    <run runId="7">
      <device>Lg-exp</device>
      <path>/home/eoin/Documents/Phd/Last_paper/Implementation/eHealthApp/app/release/nl.vu.ehealth.apk</path>
      <runCount>8</runCount>
    </run>
    <run runId="1">
      <device>Lg-exp</device>
      <path>/home/eoin/Documents/Phd/Last_paper/Implementation/eHealthApp/app/release/nl.vu.ehealth.apk</path>
      <runCount>2</runCount>
    </run>
    <run runId="3">
      <device>Lg-exp</device>
      <path>/home/eoin/Documents/Phd/Last_paper/Implementation/eHealthApp/app/release/nl.vu.ehealth.apk</path>
      <runCount>4</runCount>
    </run>
    <run runId="6">
      <device>Lg-exp</device>
      <path>/home/eoin/Documents/Phd/Last_paper/Implementation/eHealthApp/app/release/nl.vu.ehealth.apk</path>
      <runCount>7</runCount>
    </run>
    <run runId="0">
      <device>Lg-exp</device>
      <path>/home/eoin/Documents/Phd/Last_paper/Implementation/eHealthApp/app/release/nl.vu.ehealth.apk</path>
      <runCount>1</runCount>
    </run>
  </runsDone>
</experiment>
