<experiment>
  <configHash>99146bb0ef9f96c103b75bf31161ad8b</configHash>
  <outputDir>/home/eoin/Documents/Phd/android-runner/examples/batterystats/output/2021.02.09_165702/</outputDir>
  <runsToRun/>
  <runsDone>
    <run runId="6">
      <device>Lg-exp</device>
      <path>/home/eoin/Documents/Phd/Last_paper/Implementation/eHealthApp/app/release/nl.vu.ehealth.apk</path>
      <runCount>7</runCount>
    </run>
    <run runId="10">
      <device>Lg-exp</device>
      <path>/home/eoin/Documents/Phd/Last_paper/Implementation/eHealthApp/app/release/nl.vu.ehealth.apk</path>
      <runCount>11</runCount>
    </run>
    <run runId="14">
      <device>Lg-exp</device>
      <path>/home/eoin/Documents/Phd/Last_paper/Implementation/eHealthApp/app/release/nl.vu.ehealth.apk</path>
      <runCount>15</runCount>
    </run>
    <run runId="0">
      <device>Lg-exp</device>
      <path>/home/eoin/Documents/Phd/Last_paper/Implementation/eHealthApp/app/release/nl.vu.ehealth.apk</path>
      <runCount>1</runCount>
    </run>
    <run runId="8">
      <device>Lg-exp</device>
      <path>/home/eoin/Documents/Phd/Last_paper/Implementation/eHealthApp/app/release/nl.vu.ehealth.apk</path>
      <runCount>9</runCount>
    </run>
    <run runId="2">
      <device>Lg-exp</device>
      <path>/home/eoin/Documents/Phd/Last_paper/Implementation/eHealthApp/app/release/nl.vu.ehealth.apk</path>
      <runCount>3</runCount>
    </run>
    <run runId="4">
      <device>Lg-exp</device>
      <path>/home/eoin/Documents/Phd/Last_paper/Implementation/eHealthApp/app/release/nl.vu.ehealth.apk</path>
      <runCount>5</runCount>
    </run>
    <run runId="1">
      <device>Lg-exp</device>
      <path>/home/eoin/Documents/Phd/Last_paper/Implementation/eHealthApp/app/release/nl.vu.ehealth.apk</path>
      <runCount>2</runCount>
    </run>
    <run runId="12">
      <device>Lg-exp</device>
      <path>/home/eoin/Documents/Phd/Last_paper/Implementation/eHealthApp/app/release/nl.vu.ehealth.apk</path>
      <runCount>13</runCount>
    </run>
    <run runId="7">
      <device>Lg-exp</device>
      <path>/home/eoin/Documents/Phd/Last_paper/Implementation/eHealthApp/app/release/nl.vu.ehealth.apk</path>
      <runCount>8</runCount>
    </run>
    <run runId="5">
      <device>Lg-exp</device>
      <path>/home/eoin/Documents/Phd/Last_paper/Implementation/eHealthApp/app/release/nl.vu.ehealth.apk</path>
      <runCount>6</runCount>
    </run>
    <run runId="11">
      <device>Lg-exp</device>
      <path>/home/eoin/Documents/Phd/Last_paper/Implementation/eHealthApp/app/release/nl.vu.ehealth.apk</path>
      <runCount>12</runCount>
    </run>
    <run runId="13">
      <device>Lg-exp</device>
      <path>/home/eoin/Documents/Phd/Last_paper/Implementation/eHealthApp/app/release/nl.vu.ehealth.apk</path>
      <runCount>14</runCount>
    </run>
    <run runId="3">
      <device>Lg-exp</device>
      <path>/home/eoin/Documents/Phd/Last_paper/Implementation/eHealthApp/app/release/nl.vu.ehealth.apk</path>
      <runCount>4</runCount>
    </run>
    <run runId="9">
      <device>Lg-exp</device>
      <path>/home/eoin/Documents/Phd/Last_paper/Implementation/eHealthApp/app/release/nl.vu.ehealth.apk</path>
      <runCount>10</runCount>
    </run>
  </runsDone>
</experiment>
