<experiment>
  <configHash>272c96e287630fa354cc579386925466</configHash>
  <outputDir>/home/eoin/Documents/Phd/android-runner/examples/batterystats/output/2021.02.06_162515/</outputDir>
  <runsToRun/>
  <runsDone>
    <run runId="0">
      <device>Lg-exp</device>
      <path>/home/eoin/Documents/Phd/Last_paper/Implementation/eHealthApp/app/release/nl.vu.ehealth.apk</path>
      <runCount>1</runCount>
    </run>
    <run runId="1">
      <device>Lg-exp</device>
      <path>/home/eoin/Documents/Phd/Last_paper/Implementation/eHealthApp/app/release/nl.vu.ehealth.apk</path>
      <runCount>2</runCount>
    </run>
    <run runId="3">
      <device>Lg-exp</device>
      <path>/home/eoin/Documents/Phd/Last_paper/Implementation/eHealthApp/app/release/nl.vu.ehealth.apk</path>
      <runCount>4</runCount>
    </run>
    <run runId="2">
      <device>Lg-exp</device>
      <path>/home/eoin/Documents/Phd/Last_paper/Implementation/eHealthApp/app/release/nl.vu.ehealth.apk</path>
      <runCount>3</runCount>
    </run>
    <run runId="4">
      <device>Lg-exp</device>
      <path>/home/eoin/Documents/Phd/Last_paper/Implementation/eHealthApp/app/release/nl.vu.ehealth.apk</path>
      <runCount>5</runCount>
    </run>
  </runsDone>
</experiment>
